{
  "params": {
    "n_estimators": 720,
    "max_depth": 5,
    "learning_rate": 0.08116136197657925,
    "subsample": 0.7021023146351456,
    "colsample_bytree": 0.9989516415102492,
    "min_child_weight": 9,
    "gamma": 4.226975042471353,
    "reg_alpha": 0.7096085452816585,
    "reg_lambda": 4.69886772509941
  },
  "val_auc": 0.8530720729013256
}